Workbook

Sheet Recruitment_Data
A1: Candidate_ID | B1: Recruiter | C1: Job_Title | D1: Department | E1: Application_Date | F1: Interview_Date | G1: Offer_Date | H1: Hire_Date | I1: Source | J1: Status | K1: Salary | L1: Days_to_Hire
A2: C001 | B2: Alex | C2: Data Analyst | D2: Analytics | E2: 46027 | F2: 46032 | G2: 46037 | H2: 46044 | I2: LinkedIn | J2: Hired | K2: 72000 | L2: =IF(H2="","",H2-E2) -> 17
A3: C002 | B3: Sarah | C3: Business Analyst | D3: Analytics | E3: 46029 | F3: 46036 | G3: 46042 | H3: 46049 | I3: Indeed | J3: Hired | K3: 76000 | L3: =IF(H3="","",H3-E3) -> 20
A4: C003 | B4: David | C4: SQL Developer | D4: IT | E4: 46030 | F4: 46038 | I4: LinkedIn | J4: Rejected | L4: =IF(H4="","",H4-E4)
A5: C004 | B5: Alex | C5: Financial Analyst | D5: Finance | E5: 46034 | F5: 46040 | G5: 46045 | H5: 46052 | I5: Referral | J5: Hired | K5: 70000 | L5: =IF(H5="","",H5-E5) -> 18
A6: C005 | B6: Maria | C6: Data Analyst | D6: Analytics | E6: 46037 | F6: 46043 | I6: Indeed | J6: Rejected | L6: =IF(H6="","",H6-E6)
A7: C006 | B7: Sarah | C7: HR Analyst | D7: Human Resources | E7: 46040 | F7: 46047 | G7: 46052 | H7: 46059 | I7: Referral | J7: Hired | K7: 65000 | L7: =IF(H7="","",H7-E7) -> 19
A8: C007 | B8: David | C8: BI Analyst | D8: Analytics | E8: 46042 | F8: 46049 | G8: 46055 | H8: 46062 | I8: LinkedIn | J8: Hired | K8: 80000 | L8: =IF(H8="","",H8-E8) -> 20
A9: C008 | B9: Maria | C9: SQL Developer | D9: IT | E9: 46044 | F9: 46051 | I9: Company Website | J9: Rejected | L9: =IF(H9="","",H9-E9)
A10: C009 | B10: Alex | C10: Business Analyst | D10: Operations | E10: 46047 | F10: 46055 | G10: 46059 | H10: 46066 | I10: Indeed | J10: Hired | K10: 74000 | L10: =IF(H10="","",H10-E10) -> 19
A11: C010 | B11: Sarah | C11: Data Analyst | D11: Analytics | E11: 46050 | F11: 46057 | I11: Referral | J11: Rejected | L11: =IF(H11="","",H11-E11)
A12: C011 | B12: Alex | C12: Data Analyst | D12: Analytics | E12: 46217 | F12: 46222 | G12: 46226 | H12: 46236 | I12: Referral | J12: Hired | K12: 82000 | L12: =IF(H12="","",H12-E12) -> 19
A13: C012 | B13: Maria | C13: Data Analyst | D13: Analytics | E13: 46076 | F13: 46081 | G13: 46089 | H13: 46098 | I13: LinkedIn | J13: Hired | K13: 65000 | L13: =IF(H13="","",H13-E13) -> 22
A14: C013 | B14: Sarah | C14: HR Analyst | D14: Human Resources | E14: 46197 | F14: 46205 | G14: 46211 | H14: 46216 | I14: Company Website | J14: Hired | K14: 63000 | L14: =IF(H14="","",H14-E14) -> 19
A15: C014 | B15: Maria | C15: BI Analyst | D15: Analytics | E15: 46232 | F15: 46242 | G15: 46248 | H15: 46253 | I15: Referral | J15: Hired | K15: 77000 | L15: =IF(H15="","",H15-E15) -> 21
A16: C015 | B16: Alex | C16: BI Analyst | D16: Analytics | E16: 46151 | F16: 46161 | I16: Referral | J16: Rejected | L16: =IF(H16="","",H16-E16)
A17: C016 | B17: Maria | C17: Financial Analyst | D17: Finance | E17: 46065 | F17: 46072 | I17: LinkedIn | J17: Rejected | L17: =IF(H17="","",H17-E17)
A18: C017 | B18: David | C18: Operations Analyst | D18: Operations | E18: 46074 | F18: 46083 | I18: Referral | J18: Rejected | L18: =IF(H18="","",H18-E18)
A19: C018 | B19: Alex | C19: HR Analyst | D19: Human Resources | E19: 46071 | F19: 46075 | I19: Indeed | J19: Rejected | L19: =IF(H19="","",H19-E19)
A20: C019 | B20: Alex | C20: SQL Developer | D20: IT | E20: 46113 | F20: 46123 | G20: 46129 | H20: 46135 | I20: Referral | J20: Hired | K20: 89000 | L20: =IF(H20="","",H20-E20) -> 22
A21: C020 | B21: Sarah | C21: HR Analyst | D21: Human Resources | E21: 46144 | F21: 46153 | I21: Referral | J21: Rejected | L21: =IF(H21="","",H21-E21)
A22: C021 | B22: Alex | C22: Financial Analyst | D22: Finance | E22: 46219 | F22: 46224 | G22: 46229 | H22: 46237 | I22: Indeed | J22: Hired | K22: 77000 | L22: =IF(H22="","",H22-E22) -> 18
A23: C022 | B23: Sarah | C23: HR Analyst | D23: Human Resources | E23: 46123 | F23: 46133 | I23: Referral | J23: Rejected | L23: =IF(H23="","",H23-E23)
A24: C023 | B24: Sarah | C24: Operations Analyst | D24: Operations | E24: 46068 | F24: 46075 | I24: LinkedIn | J24: Rejected | L24: =IF(H24="","",H24-E24)
A25: C024 | B25: Alex | C25: Business Analyst | D25: Analytics | E25: 46122 | F25: 46129 | G25: 46136 | H25: 46146 | I25: Referral | J25: Hired | K25: 82000 | L25: =IF(H25="","",H25-E25) -> 24
A26: C025 | B26: David | C26: Business Analyst | D26: Analytics | E26: 46090 | F26: 46098 | I26: Indeed | J26: Rejected | L26: =IF(H26="","",H26-E26)
A27: C026 | B27: Maria | C27: Financial Analyst | D27: Finance | E27: 46121 | F27: 46126 | G27: 46134 | H27: 46142 | I27: Company Website | J27: Hired | K27: 67000 | L27: =IF(H27="","",H27-E27) -> 21
A28: C027 | B28: Alex | C28: Business Analyst | D28: Analytics | E28: 46066 | F28: 46073 | I28: Indeed | J28: Rejected | L28: =IF(H28="","",H28-E28)
A29: C028 | B29: Alex | C29: SQL Developer | D29: IT | E29: 46206 | F29: 46213 | I29: Company Website | J29: Rejected | L29: =IF(H29="","",H29-E29)
A30: C029 | B30: David | C30: Financial Analyst | D30: Finance | E30: 46189 | F30: 46193 | I30: LinkedIn | J30: Rejected | L30: =IF(H30="","",H30-E30)
A31: C030 | B31: David | C31: Operations Analyst | D31: Operations | E31: 46228 | F31: 46235 | G31: 46240 | H31: 46248 | I31: Referral | J31: Hired | K31: 62000 | L31: =IF(H31="","",H31-E31) -> 20
A32: C031 | B32: Sarah | C32: Financial Analyst | D32: Finance | E32: 46121 | F32: 46127 | I32: LinkedIn | J32: Rejected | L32: =IF(H32="","",H32-E32)
A33: C032 | B33: Sarah | C33: Business Analyst | D33: Analytics | E33: 46217 | F33: 46225 | I33: Referral | J33: Rejected | L33: =IF(H33="","",H33-E33)
A34: C033 | B34: Alex | C34: Financial Analyst | D34: Finance | E34: 46189 | F34: 46193 | G34: 46199 | H34: 46206 | I34: Referral | J34: Hired | K34: 72000 | L34: =IF(H34="","",H34-E34) -> 17
A35: C034 | B35: Sarah | C35: Financial Analyst | D35: Finance | E35: 46068 | F35: 46075 | G35: 46079 | H35: 46088 | I35: LinkedIn | J35: Hired | K35: 69000 | L35: =IF(H35="","",H35-E35) -> 20
A36: C035 | B36: Maria | C36: Financial Analyst | D36: Finance | E36: 46086 | F36: 46096 | G36: 46104 | H36: 46112 | I36: Indeed | J36: Hired | K36: 71000 | L36: =IF(H36="","",H36-E36) -> 26
A37: C036 | B37: Sarah | C37: HR Analyst | D37: Human Resources | E37: 46192 | F37: 46201 | G37: 46207 | H37: 46215 | I37: Referral | J37: Hired | K37: 74000 | L37: =IF(H37="","",H37-E37) -> 23
A38: C037 | B38: Alex | C38: Business Analyst | D38: Analytics | E38: 46169 | F38: 46173 | G38: 46181 | H38: 46190 | I38: Indeed | J38: Hired | K38: 75000 | L38: =IF(H38="","",H38-E38) -> 21
A39: C038 | B39: Sarah | C39: Data Analyst | D39: Analytics | E39: 46204 | F39: 46208 | I39: LinkedIn | J39: Rejected | L39: =IF(H39="","",H39-E39)
A40: C039 | B40: Alex | C40: Data Analyst | D40: Analytics | E40: 46112 | F40: 46117 | G40: 46123 | H40: 46133 | I40: Referral | J40: Hired | K40: 80000 | L40: =IF(H40="","",H40-E40) -> 21
A41: C040 | B41: Sarah | C41: HR Analyst | D41: Human Resources | E41: 46108 | F41: 46115 | G41: 46122 | H41: 46128 | I41: Company Website | J41: Hired | K41: 61000 | L41: =IF(H41="","",H41-E41) -> 20
A42: C041 | B42: Maria | C42: BI Analyst | D42: Analytics | E42: 46078 | F42: 46088 | G42: 46092 | H42: 46102 | I42: Company Website | J42: Hired | K42: 95000 | L42: =IF(H42="","",H42-E42) -> 24
A43: C042 | B43: Alex | C43: Data Analyst | D43: Analytics | E43: 46219 | F43: 46229 | I43: Company Website | J43: Rejected | L43: =IF(H43="","",H43-E43)
A44: C043 | B44: Sarah | C44: Business Analyst | D44: Analytics | E44: 46081 | F44: 46086 | G44: 46093 | H44: 46099 | I44: Indeed | J44: Hired | K44: 76000 | L44: =IF(H44="","",H44-E44) -> 18
A45: C044 | B45: Sarah | C45: Operations Analyst | D45: Operations | E45: 46172 | F45: 46182 | G45: 46190 | H45: 46195 | I45: LinkedIn | J45: Hired | K45: 63000 | L45: =IF(H45="","",H45-E45) -> 23
A46: C045 | B46: Alex | C46: Data Analyst | D46: Analytics | E46: 46220 | F46: 46227 | G46: 46234 | H46: 46240 | I46: Indeed | J46: Hired | K46: 77000 | L46: =IF(H46="","",H46-E46) -> 20
A47: C046 | B47: Sarah | C47: SQL Developer | D47: IT | E47: 46069 | F47: 46075 | I47: LinkedIn | J47: Rejected | L47: =IF(H47="","",H47-E47)
A48: C047 | B48: David | C48: SQL Developer | D48: IT | E48: 46170 | F48: 46176 | G48: 46181 | H48: 46186 | I48: Company Website | J48: Hired | K48: 96000 | L48: =IF(H48="","",H48-E48) -> 16
A49: C048 | B49: Alex | C49: HR Analyst | D49: Human Resources | E49: 46192 | F49: 46200 | G49: 46207 | H49: 46216 | I49: Referral | J49: Hired | K49: 74000 | L49: =IF(H49="","",H49-E49) -> 24
A50: C049 | B50: Alex | C50: Financial Analyst | D50: Finance | E50: 46094 | F50: 46098 | I50: LinkedIn | J50: Rejected | L50: =IF(H50="","",H50-E50)
A51: C050 | B51: Alex | C51: HR Analyst | D51: Human Resources | E51: 46206 | F51: 46214 | G51: 46219 | H51: 46228 | I51: Indeed | J51: Hired | K51: 59000 | L51: =IF(H51="","",H51-E51) -> 22
A52: C051 | B52: Alex | C52: SQL Developer | D52: IT | E52: 46212 | F52: 46217 | I52: Referral | J52: Rejected | L52: =IF(H52="","",H52-E52)
A53: C052 | B53: David | C53: Business Analyst | D53: Analytics | E53: 46225 | F53: 46234 | G53: 46240 | H53: 46248 | I53: Referral | J53: Hired | K53: 78000 | L53: =IF(H53="","",H53-E53) -> 23
A54: C053 | B54: Alex | C54: SQL Developer | D54: IT | E54: 46072 | F54: 46077 | G54: 46085 | H54: 46092 | I54: LinkedIn | J54: Hired | K54: 82000 | L54: =IF(H54="","",H54-E54) -> 20
A55: C054 | B55: Alex | C55: Business Analyst | D55: Analytics | E55: 46143 | F55: 46150 | G55: 46158 | H55: 46168 | I55: Referral | J55: Hired | K55: 77000 | L55: =IF(H55="","",H55-E55) -> 25
A56: C055 | B56: Alex | C56: HR Analyst | D56: Human Resources | E56: 46210 | F56: 46214 | I56: Referral | J56: Rejected | L56: =IF(H56="","",H56-E56)
A57: C056 | B57: David | C57: Data Analyst | D57: Analytics | E57: 46088 | F57: 46093 | I57: LinkedIn | J57: Rejected | L57: =IF(H57="","",H57-E57)
A58: C057 | B58: David | C58: Financial Analyst | D58: Finance | E58: 46123 | F58: 46128 | I58: Indeed | J58: Rejected | L58: =IF(H58="","",H58-E58)
A59: C058 | B59: David | C59: Financial Analyst | D59: Finance | E59: 46229 | F59: 46239 | G59: 46243 | H59: 46248 | I59: Company Website | J59: Hired | K59: 85000 | L59: =IF(H59="","",H59-E59) -> 19
A60: C059 | B60: David | C60: Data Analyst | D60: Analytics | E60: 46162 | F60: 46167 | G60: 46173 | H60: 46179 | I60: LinkedIn | J60: Hired | K60: 79000 | L60: =IF(H60="","",H60-E60) -> 17
A61: C060 | B61: Maria | C61: Financial Analyst | D61: Finance | E61: 46195 | F61: 46204 | G61: 46209 | H61: 46218 | I61: LinkedIn | J61: Hired | K61: 66000 | L61: =IF(H61="","",H61-E61) -> 23
A62: C061 | B62: Sarah | C62: SQL Developer | D62: IT | E62: 46148 | F62: 46154 | G62: 46158 | H62: 46165 | I62: Indeed | J62: Hired | K62: 84000 | L62: =IF(H62="","",H62-E62) -> 17
A63: C062 | B63: Sarah | C63: HR Analyst | D63: Human Resources | E63: 46228 | F63: 46236 | G63: 46243 | H63: 46252 | I63: LinkedIn | J63: Hired | K63: 62000 | L63: =IF(H63="","",H63-E63) -> 24
A64: C063 | B64: Sarah | C64: Operations Analyst | D64: Operations | E64: 46114 | F64: 46118 | I64: Indeed | J64: Rejected | L64: =IF(H64="","",H64-E64)
A65: C064 | B65: David | C65: Operations Analyst | D65: Operations | E65: 46099 | F65: 46109 | I65: Company Website | J65: Rejected | L65: =IF(H65="","",H65-E65)
A66: C065 | B66: David | C66: Business Analyst | D66: Analytics | E66: 46117 | F66: 46121 | G66: 46128 | H66: 46134 | I66: LinkedIn | J66: Hired | K66: 74000 | L66: =IF(H66="","",H66-E66) -> 17
A67: C066 | B67: David | C67: BI Analyst | D67: Analytics | E67: 46171 | F67: 46180 | G67: 46185 | H67: 46193 | I67: Indeed | J67: Hired | K67: 85000 | L67: =IF(H67="","",H67-E67) -> 22
A68: C067 | B68: Alex | C68: Operations Analyst | D68: Operations | E68: 46125 | F68: 46133 | G68: 46140 | H68: 46150 | I68: Referral | J68: Hired | K68: 79000 | L68: =IF(H68="","",H68-E68) -> 25
A69: C068 | B69: Alex | C69: Data Analyst | D69: Analytics | E69: 46138 | F69: 46144 | G69: 46148 | H69: 46153 | I69: Referral | J69: Hired | K69: 84000 | L69: =IF(H69="","",H69-E69) -> 15
A70: C069 | B70: David | C70: HR Analyst | D70: Human Resources | E70: 46165 | F70: 46173 | G70: 46177 | H70: 46185 | I70: Referral | J70: Hired | K70: 64000 | L70: =IF(H70="","",H70-E70) -> 20
A71: C070 | B71: Alex | C71: HR Analyst | D71: Human Resources | E71: 46119 | F71: 46129 | G71: 46137 | H71: 46147 | I71: Company Website | J71: Hired | K71: 64000 | L71: =IF(H71="","",H71-E71) -> 28
A72: C071 | B72: Maria | C72: Data Analyst | D72: Analytics | E72: 46147 | F72: 46156 | I72: Referral | J72: Rejected | L72: =IF(H72="","",H72-E72)
A73: C072 | B73: David | C73: Financial Analyst | D73: Finance | E73: 46085 | F73: 46091 | I73: Referral | J73: Rejected | L73: =IF(H73="","",H73-E73)
A74: C073 | B74: David | C74: Financial Analyst | D74: Finance | E74: 46157 | F74: 46166 | G74: 46173 | H74: 46183 | I74: Indeed | J74: Hired | K74: 70000 | L74: =IF(H74="","",H74-E74) -> 26
A75: C074 | B75: David | C75: SQL Developer | D75: IT | E75: 46211 | F75: 46216 | G75: 46223 | H75: 46232 | I75: LinkedIn | J75: Hired | K75: 97000 | L75: =IF(H75="","",H75-E75) -> 21
A76: C075 | B76: David | C76: SQL Developer | D76: IT | E76: 46221 | F76: 46226 | G76: 46234 | H76: 46242 | I76: Company Website | J76: Hired | K76: 83000 | L76: =IF(H76="","",H76-E76) -> 21
A77: C076 | B77: Alex | C77: BI Analyst | D77: Analytics | E77: 46222 | F77: 46232 | G77: 46237 | H77: 46247 | I77: Referral | J77: Hired | K77: 84000 | L77: =IF(H77="","",H77-E77) -> 25
A78: C077 | B78: Sarah | C78: Business Analyst | D78: Analytics | E78: 46111 | F78: 46118 | G78: 46126 | H78: 46131 | I78: LinkedIn | J78: Hired | K78: 82000 | L78: =IF(H78="","",H78-E78) -> 20
A79: C078 | B79: Sarah | C79: HR Analyst | D79: Human Resources | E79: 46160 | F79: 46165 | G79: 46170 | H79: 46180 | I79: Company Website | J79: Hired | K79: 58000 | L79: =IF(H79="","",H79-E79) -> 20
A80: C079 | B80: Maria | C80: Business Analyst | D80: Analytics | E80: 46081 | F80: 46090 | I80: Indeed | J80: Rejected | L80: =IF(H80="","",H80-E80)
A81: C080 | B81: Maria | C81: Data Analyst | D81: Analytics | E81: 46186 | F81: 46190 | I81: Indeed | J81: Rejected | L81: =IF(H81="","",H81-E81)
A82: C081 | B82: Sarah | C82: Operations Analyst | D82: Operations | E82: 46170 | F82: 46178 | I82: Company Website | J82: Rejected | L82: =IF(H82="","",H82-E82)
A83: C082 | B83: David | C83: Operations Analyst | D83: Operations | E83: 46206 | F83: 46215 | I83: Company Website | J83: Rejected | L83: =IF(H83="","",H83-E83)
A84: C083 | B84: Maria | C84: Operations Analyst | D84: Operations | E84: 46183 | F84: 46192 | I84: Company Website | J84: Rejected | L84: =IF(H84="","",H84-E84)
A85: C084 | B85: Maria | C85: BI Analyst | D85: Analytics | E85: 46175 | F85: 46181 | I85: Indeed | J85: Rejected | L85: =IF(H85="","",H85-E85)
A86: C085 | B86: Maria | C86: HR Analyst | D86: Human Resources | E86: 46187 | F86: 46191 | G86: 46197 | H86: 46203 | I86: Indeed | J86: Hired | K86: 66000 | L86: =IF(H86="","",H86-E86) -> 16
A87: C086 | B87: David | C87: Financial Analyst | D87: Finance | E87: 46139 | F87: 46144 | G87: 46151 | H87: 46161 | I87: LinkedIn | J87: Hired | K87: 69000 | L87: =IF(H87="","",H87-E87) -> 22
A88: C087 | B88: Sarah | C88: Data Analyst | D88: Analytics | E88: 46234 | F88: 46242 | G88: 46249 | H88: 46257 | I88: Company Website | J88: Hired | K88: 66000 | L88: =IF(H88="","",H88-E88) -> 23
A89: C088 | B89: Maria | C89: SQL Developer | D89: IT | E89: 46106 | F89: 46116 | I89: LinkedIn | J89: Rejected | L89: =IF(H89="","",H89-E89)
A90: C089 | B90: Maria | C90: SQL Developer | D90: IT | E90: 46201 | F90: 46207 | I90: LinkedIn | J90: Rejected | L90: =IF(H90="","",H90-E90)
A91: C090 | B91: Maria | C91: Financial Analyst | D91: Finance | E91: 46153 | F91: 46159 | G91: 46166 | H91: 46174 | I91: Indeed | J91: Hired | K91: 65000 | L91: =IF(H91="","",H91-E91) -> 21
A92: C091 | B92: David | C92: HR Analyst | D92: Human Resources | E92: 46153 | F92: 46163 | I92: Company Website | J92: Rejected | L92: =IF(H92="","",H92-E92)
A93: C092 | B93: Sarah | C93: Financial Analyst | D93: Finance | E93: 46173 | F93: 46181 | I93: LinkedIn | J93: Rejected | L93: =IF(H93="","",H93-E93)
A94: C093 | B94: Alex | C94: Data Analyst | D94: Analytics | E94: 46198 | F94: 46205 | G94: 46210 | H94: 46215 | I94: Company Website | J94: Hired | K94: 73000 | L94: =IF(H94="","",H94-E94) -> 17
A95: C094 | B95: David | C95: Business Analyst | D95: Analytics | E95: 46151 | F95: 46161 | G95: 46168 | H95: 46175 | I95: Company Website | J95: Hired | K95: 81000 | L95: =IF(H95="","",H95-E95) -> 24
A96: C095 | B96: Alex | C96: SQL Developer | D96: IT | E96: 46118 | F96: 46122 | I96: LinkedIn | J96: Rejected | L96: =IF(H96="","",H96-E96)
A97: C096 | B97: Sarah | C97: HR Analyst | D97: Human Resources | E97: 46143 | F97: 46152 | I97: LinkedIn | J97: Rejected | L97: =IF(H97="","",H97-E97)
A98: C097 | B98: Alex | C98: Business Analyst | D98: Analytics | E98: 46064 | F98: 46072 | I98: Indeed | J98: Rejected | L98: =IF(H98="","",H98-E98)
A99: C098 | B99: Sarah | C99: Business Analyst | D99: Analytics | E99: 46093 | F99: 46101 | I99: Company Website | J99: Rejected | L99: =IF(H99="","",H99-E99)
A100: C099 | B100: Maria | C100: HR Analyst | D100: Human Resources | E100: 46109 | F100: 46114 | I100: Referral | J100: Rejected | L100: =IF(H100="","",H100-E100)
...

Sheet Recruiter_Analysis
A3: Count of Candidate_ID | B3: Column Labels
A4: Row Labels | B4: Hired | C4: Rejected | D4: Grand Total
A5: Alex | B5: 27 | C5: 15 | D5: 42
A6: David | B6: 22 | C6: 15 | D6: 37
A7: Maria | B7: 16 | C7: 18 | D7: 34
A8: Sarah | B8: 20 | C8: 17 | D8: 37
A9: Grand Total | B9: 85 | C9: 65 | D9: 150
A20: Recruiter | B20: Hired | C20: Total Candidates | D20: Hiring Rate
A21: Alex | B21: =GETPIVOTDATA("Candidate_ID",$A$3,"Recruiter","Alex","Status ","Hired") -> 27 | C21: =GETPIVOTDATA("Candidate_ID",$A$3,"Recruiter","Alex") -> 42 | D21: =B21/C21 -> 0.64285714
A22: David | B22: =GETPIVOTDATA("Candidate_ID",$A$3,"Recruiter","David","Status ","Hired") -> 22 | C22: =GETPIVOTDATA("Candidate_ID",$A$3,"Recruiter","David") -> 37 | D22: =B22/C22 -> 0.59459459
A23: Maria | B23: =GETPIVOTDATA("Candidate_ID",$A$3,"Recruiter","Maria","Status ","Hired") -> 16 | C23: =GETPIVOTDATA("Candidate_ID",$A$3,"Recruiter","Maria") -> 34 | D23: =B23/C23 -> 0.47058824
A24: Sarah | B24: =GETPIVOTDATA("Candidate_ID",$A$3,"Recruiter","Sarah","Status ","Hired") -> 20 | C24: =GETPIVOTDATA("Candidate_ID",$A$3,"Recruiter","Sarah") -> 37 | D24: =B24/C24 -> 0.54054054
A35: Source | B35: Hired | C35: Total Candidates | D35: Hiring Rate
A36: Company Website | B36: =GETPIVOTDATA("Candidate_ID",Sheet5!$A$3,"Source","Company Website","Status ","Hired") -> 23 | C36: =GETPIVOTDATA("Candidate_ID",Sheet5!$A$3,"Source","Company Website") -> 39 | D36: =B36/C36 -> 0.58974359
A37: Indeed | B37: =GETPIVOTDATA("Candidate_ID",Sheet5!$A$3,"Source","Indeed","Status ","Hired") -> 16 | C37: =GETPIVOTDATA("Candidate_ID",Sheet5!$A$3,"Source","Indeed") -> 33 | D37: =B37/C37 -> 0.48484848
A38: LinkedIn | B38: =GETPIVOTDATA("Candidate_ID",Sheet5!$A$3,"Source","LinkedIn","Status ","Hired") -> 21 | C38: =GETPIVOTDATA("Candidate_ID",Sheet5!$A$3,"Source","LinkedIn") -> 39 | D38: =B38/C38 -> 0.53846154
A39: Referral | B39: =GETPIVOTDATA("Candidate_ID",Sheet5!$A$3,"Source","Referral","Status ","Hired") -> 25 | C39: =GETPIVOTDATA("Candidate_ID",Sheet5!$A$3,"Source","Referral") -> 39 | D39: =B39/C39 -> 0.64102564

Sheet Recruitment Dashboard
B2: Recruitment Analytics Dashboard
B5: Total Candidates | C5: 150
B6: Total Hired | C6: 85
B7: Total Rejected | C7: 65
B8: Overall Hiring Rate | C8: 0.5667
B9: Average Days to Hire | C9: 20.98

Sheet Insights
A1: Recruitment Analytics - Key Insights
A3: 1. Overall Hiring Performance
A4: Out of 150 candidates, 85 were hired and 65 were rejected, resulting in an overall hiring rate of 56.67%.
A6: 2. Recruiter Performance
A7: Alex had the highest hiring rate at 64.29%, while Maria had the lowest at 47.06%. David and Sarah recorded hiring rates of 59.46% and 54.05%, respectively.
A9: 3. Recruitment Source Effectiveness
A10: Referral had the highest hiring rate at 64.10%, while indeed had the lowest at 48.48%. Company Website and LinkedIn had hiring rates of 58.97% and 53.85%, respectively.
A12: 4.Hiring Volume by Recruitment Source
A13: Referral generated the highest number of hires with 25, followed by Company Website with 23, LinkedIn with 21, and Indeed with 16 hires.
A15: 5. Recruiter Hiring Volume
A16: Alex recorded the highest number of hires with 27, followed by David with 22, Sarah with 20, and Maria with 16 hires.
A18: Business Recommendations
... A22: 3. Review the recruiting practices used by higher performimg recruiters, particularly Alex, to identify approaches that could be shared across the recruitment team.

Sheet Sheet3
A1: Status | B1: Hired
A3: Row Labels | B3: Count of Candidate_ID
A4: Company Website | B4: 23
A5: Indeed | B5: 16
A6: LinkedIn | B6: 21
A7: Referral | B7: 25
A8: Grand Total | B8: 85

Sheet Sheet4
A1: Status | B1: Hired
A3: Row Labels | B3: Average of Days_to_Hire
A4: Company Website | B4: 21.608696
A5: Indeed | B5: 20.5625
A6: LinkedIn | B6: 20.428571
A7: Referral | B7: 21.12
A8: Grand Total | B8: 20.976471

Sheet Sheet5
A3: Count of Candidate_ID | B3: Column Labels
A4: Row Labels | B4: Hired | C4: Rejected | D4: Grand Total
A5: Company Website | B5: 23 | C5: 16 | D5: 39
A6: Indeed | B6: 16 | C6: 17 | D6: 33
A7: LinkedIn | B7: 21 | C7: 18 | D7: 39
A8: Referral | B8: 25 | C8: 14 | D8: 39
A9: Grand Total | B9: 85 | C9: 65 | D9: 150
